Timestamp,Protocol,Source IP,Source Port,Destination IP,Destination Port,Flags,Length,Info
2025-05-27 13:44:51,TCPv6,2001:f40:94e:d4b:f:1b03:3a33:228,63681,2603:1040:5:3::16,443,PA,105,TCP Flags: PA Seq=3158358354 Ack=1672324024
2025-05-27 13:44:51,TCPv6,2603:1040:5:3::16,443,2001:f40:94e:d4b:f:1b03:3a33:228,63681,A,74,TCP Flags: A Seq=1672324024 Ack=3158358385
2025-05-27 13:44:51,TCPv6,2001:f40:94e:d4b:f:1b03:3a33:228,49860,2603:1040:5:3::19,443,PA,105,TCP Flags: PA Seq=2471809310 Ack=435646130
2025-05-27 13:44:51,TCPv6,2603:1040:5:3::19,443,2001:f40:94e:d4b:f:1b03:3a33:228,49860,A,74,TCP Flags: A Seq=435646130 Ack=2471809341
2025-05-27 13:44:52,TCPv6,2001:f40:94e:d4b:f:1b03:3a33:228,50211,2600:1413:5000:3::1736:769e,443,A,75,TCP Flags: A Seq=1456631916 Ack=1836043703
2025-05-27 13:44:52,TCPv6,2600:1413:5000:3::1736:769e,443,2001:f40:94e:d4b:f:1b03:3a33:228,50211,A,86,TCP Flags: A Seq=1836043703 Ack=1456631917
2025-05-27 13:44:52,TCPv6,2001:f40:94e:d4b:f:1b03:3a33:228,63631,2603:1040:603:c::115,443,PA,125,TCP Flags: PA Seq=1691475173 Ack=1054107264
2025-05-27 13:44:52,TCPv6,2603:1040:603:c::115,443,2001:f40:94e:d4b:f:1b03:3a33:228,63631,PA,114,TCP Flags: PA Seq=1054107264 Ack=1691475224
2025-05-27 13:44:52,TCPv6,2001:f40:94e:d4b:f:1b03:3a33:228,63631,2603:1040:603:c::115,443,A,74,TCP Flags: A Seq=1691475224 Ack=1054107304
2025-05-27 13:44:52,IP(proto=2),192.168.100.24,,224.0.0.22,,,54,Ether / 192.168.100.24 > 224.0.0.22 2 / Raw
2025-05-27 13:44:52,IP(proto=2),192.168.100.24,,224.0.0.22,,,54,Ether / 192.168.100.24 > 224.0.0.22 2 / Raw
2025-05-27 13:44:52,ICMP,192.168.100.1,,192.168.100.24,,,98,ICMP Type: 8 Code: 0
2025-05-27 13:44:53,TCPv6,2001:f40:94e:d4b:f:1b03:3a33:228,63643,2603:1040:f02:e::14a,443,PA,132,TCP Flags: PA Seq=3081542323 Ack=18405981
2025-05-27 13:44:53,TCPv6,2603:1040:f02:e::14a,443,2001:f40:94e:d4b:f:1b03:3a33:228,63643,A,74,TCP Flags: A Seq=18405981 Ack=3081542381
2025-05-27 13:44:53,IP(proto=2),192.168.100.24,,224.0.0.22,,,54,Ether / 192.168.100.24 > 224.0.0.22 2 / Raw
2025-05-27 13:44:53,TCPv6,2603:1040:f02:e::14a,443,2001:f40:94e:d4b:f:1b03:3a33:228,63643,PA,121,TCP Flags: PA Seq=18405981 Ack=3081542381
2025-05-27 13:44:53,TCPv6,2001:f40:94e:d4b:f:1b03:3a33:228,63643,2603:1040:f02:e::14a,443,A,74,TCP Flags: A Seq=3081542381 Ack=18406028
2025-05-27 13:44:53,IP(proto=2),192.168.100.24,,224.0.0.22,,,54,Ether / 192.168.100.24 > 224.0.0.22 2 / Raw
2025-05-27 13:44:54,TCPv6,2001:f40:94e:d4b:f:1b03:3a33:228,49970,2606:4700:4400::ac40:9bd1,443,A,75,TCP Flags: A Seq=2230548548 Ack=514008431
2025-05-27 13:44:54,TCPv6,2606:4700:4400::ac40:9bd1,443,2001:f40:94e:d4b:f:1b03:3a33:228,49970,A,86,TCP Flags: A Seq=514008431 Ack=2230548549
2025-05-27 13:44:54,TCP,192.168.100.24,50223,140.82.112.21,443,S,66,TCP Flags: S Seq=2043550730 Ack=0
2025-05-27 13:44:54,TCP,140.82.112.21,443,192.168.100.24,50223,SA,66,TCP Flags: SA Seq=3308096232 Ack=2043550731
2025-05-27 13:44:54,TCP,192.168.100.24,50223,140.82.112.21,443,A,54,TCP Flags: A Seq=2043550731 Ack=3308096233
2025-05-27 13:44:54,TCP,192.168.100.24,50223,140.82.112.21,443,PA,571,TCP Flags: PA Seq=2043550731 Ack=3308096233
2025-05-27 13:44:54,ICMP,192.168.100.1,,192.168.100.24,,,98,ICMP Type: 8 Code: 0
2025-05-27 13:44:55,TCP,192.168.100.24,50224,140.82.112.21,443,S,66,TCP Flags: S Seq=3235454380 Ack=0
2025-05-27 13:44:55,TCP,140.82.112.21,443,192.168.100.24,50223,A,1466,TCP Flags: A Seq=3308096233 Ack=2043551248
2025-05-27 13:44:55,TCP,140.82.112.21,443,192.168.100.24,50223,PA,1466,TCP Flags: PA Seq=3308097645 Ack=2043551248
2025-05-27 13:44:55,TCP,140.82.112.21,443,192.168.100.24,50223,PA,1326,TCP Flags: PA Seq=3308099057 Ack=2043551248
2025-05-27 13:44:55,TCP,192.168.100.24,50223,140.82.112.21,443,A,54,TCP Flags: A Seq=2043551248 Ack=3308100329
2025-05-27 13:44:55,TCP,140.82.112.21,443,192.168.100.24,50223,A,1466,TCP Flags: A Seq=3308100329 Ack=2043551248
2025-05-27 13:44:55,TCP,140.82.112.21,443,192.168.100.24,50223,PA,233,TCP Flags: PA Seq=3308101741 Ack=2043551248
2025-05-27 13:44:55,TCP,192.168.100.24,50223,140.82.112.21,443,A,54,TCP Flags: A Seq=2043551248 Ack=3308101920
2025-05-27 13:44:55,TCP,192.168.100.24,50223,140.82.112.21,443,PA,118,TCP Flags: PA Seq=2043551248 Ack=3308101920
2025-05-27 13:44:55,TCP,192.168.100.24,50223,140.82.112.21,443,A,14174,TCP Flags: A Seq=2043551312 Ack=3308101920
2025-05-27 13:44:55,TCP,140.82.112.21,443,192.168.100.24,50224,SA,66,TCP Flags: SA Seq=1443694462 Ack=3235454381
2025-05-27 13:44:55,TCP,192.168.100.24,50224,140.82.112.21,443,A,54,TCP Flags: A Seq=3235454381 Ack=1443694463
2025-05-27 13:44:55,TCP,192.168.100.24,50224,140.82.112.21,443,PA,571,TCP Flags: PA Seq=3235454381 Ack=1443694463
2025-05-27 13:44:55,TCP,140.82.112.21,443,192.168.100.24,50223,A,60,TCP Flags: A Seq=3308101920 Ack=2043552724
2025-05-27 13:44:55,TCP,140.82.112.21,443,192.168.100.24,50223,A,60,TCP Flags: A Seq=3308101920 Ack=2043555548
2025-05-27 13:44:55,TCP,140.82.112.21,443,192.168.100.24,50223,A,60,TCP Flags: A Seq=3308101920 Ack=2043558372
2025-05-27 13:44:55,TCP,140.82.112.21,443,192.168.100.24,50223,PA,133,TCP Flags: PA Seq=3308101920 Ack=2043558372
2025-05-27 13:44:55,TCP,140.82.112.21,443,192.168.100.24,50223,PA,133,TCP Flags: PA Seq=3308101999 Ack=2043558372
2025-05-27 13:44:55,TCP,140.82.112.21,443,192.168.100.24,50223,A,60,TCP Flags: A Seq=3308102078 Ack=2043561196
2025-05-27 13:44:55,TCP,140.82.112.21,443,192.168.100.24,50223,A,60,TCP Flags: A Seq=3308102078 Ack=2043564020
2025-05-27 13:44:55,TCP,192.168.100.24,50223,140.82.112.21,443,A,25470,TCP Flags: A Seq=2043565432 Ack=3308102078
2025-05-27 13:44:55,TCP,140.82.112.21,443,192.168.100.24,50223,A,60,TCP Flags: A Seq=3308102078 Ack=2043565432
2025-05-27 13:44:55,TCP,192.168.100.24,50223,140.82.112.21,443,A,2878,TCP Flags: A Seq=2043590848 Ack=3308102078
2025-05-27 13:44:55,TCP,140.82.112.21,443,192.168.100.24,50224,A,1466,TCP Flags: A Seq=1443694463 Ack=3235454898
2025-05-27 13:44:55,TCP,140.82.112.21,443,192.168.100.24,50224,PA,1466,TCP Flags: PA Seq=1443695875 Ack=3235454898
2025-05-27 13:44:55,TCP,140.82.112.21,443,192.168.100.24,50224,PA,1326,TCP Flags: PA Seq=1443697287 Ack=3235454898
2025-05-27 13:44:55,TCP,192.168.100.24,50224,140.82.112.21,443,A,54,TCP Flags: A Seq=3235454898 Ack=1443698559
2025-05-27 13:44:55,TCP,140.82.112.21,443,192.168.100.24,50224,A,1466,TCP Flags: A Seq=1443698559 Ack=3235454898
2025-05-27 13:44:55,TCP,140.82.112.21,443,192.168.100.24,50224,PA,233,TCP Flags: PA Seq=1443699971 Ack=3235454898
2025-05-27 13:44:55,TCP,192.168.100.24,50224,140.82.112.21,443,A,54,TCP Flags: A Seq=3235454898 Ack=1443700150
2025-05-27 13:44:55,TCP,192.168.100.24,50224,140.82.112.21,443,PA,118,TCP Flags: PA Seq=3235454898 Ack=1443700150
2025-05-27 13:44:55,TCP,192.168.100.24,50224,140.82.112.21,443,A,14174,TCP Flags: A Seq=3235454962 Ack=1443700150
2025-05-27 13:44:55,TCP,140.82.112.21,443,192.168.100.24,50223,A,60,TCP Flags: A Seq=3308102078 Ack=2043566844
2025-05-27 13:44:55,TCP,192.168.100.24,50223,140.82.112.21,443,A,2878,TCP Flags: A Seq=2043593672 Ack=3308102078
2025-05-27 13:44:55,TCP,140.82.112.21,443,192.168.100.24,50223,A,60,TCP Flags: A Seq=3308102078 Ack=2043568256
2025-05-27 13:44:55,TCP,140.82.112.21,443,192.168.100.24,50223,A,60,TCP Flags: A Seq=3308102078 Ack=2043569668
2025-05-27 13:44:55,TCP,140.82.112.21,443,192.168.100.24,50223,A,60,TCP Flags: A Seq=3308102078 Ack=2043572492
2025-05-27 13:44:55,TCP,140.82.112.21,443,192.168.100.24,50223,A,60,TCP Flags: A Seq=3308102078 Ack=2043573904
2025-05-27 13:44:55,TCP,140.82.112.21,443,192.168.100.24,50223,A,60,TCP Flags: A Seq=3308102078 Ack=2043576728
2025-05-27 13:44:55,TCP,140.82.112.21,443,192.168.100.24,50223,A,60,TCP Flags: A Seq=3308102078 Ack=2043578140
2025-05-27 13:44:55,TCP,140.82.112.21,443,192.168.100.24,50223,A,60,TCP Flags: A Seq=3308102078 Ack=2043580964
2025-05-27 13:44:55,TCP,140.82.112.21,443,192.168.100.24,50223,A,60,TCP Flags: A Seq=3308102078 Ack=2043582376
2025-05-27 13:44:55,TCP,192.168.100.24,50223,140.82.112.21,443,PA,7438,TCP Flags: PA Seq=2043596496 Ack=3308102078
2025-05-27 13:44:55,TCP,140.82.112.21,443,192.168.100.24,50223,A,60,TCP Flags: A Seq=3308102078 Ack=2043585200
2025-05-27 13:44:55,TCP,140.82.112.21,443,192.168.100.24,50223,A,60,TCP Flags: A Seq=3308102078 Ack=2043589436
2025-05-27 13:44:55,TCP,140.82.112.21,443,192.168.100.24,50223,A,60,TCP Flags: A Seq=3308102078 Ack=2043590848
2025-05-27 13:44:55,TCP,140.82.112.21,443,192.168.100.24,50223,PA,144,TCP Flags: PA Seq=3308102078 Ack=2043590848
2025-05-27 13:44:55,TCP,192.168.100.24,50223,140.82.112.21,443,PA,85,TCP Flags: PA Seq=2043603880 Ack=3308102168
2025-05-27 13:44:55,TCP,140.82.112.21,443,192.168.100.24,50223,A,60,TCP Flags: A Seq=3308102168 Ack=2043592260
2025-05-27 13:44:55,TCP,140.82.112.21,443,192.168.100.24,50223,A,60,TCP Flags: A Seq=3308102168 Ack=2043593672
2025-05-27 13:44:55,TCP,140.82.112.21,443,192.168.100.24,50224,A,60,TCP Flags: A Seq=1443700150 Ack=3235456374
2025-05-27 13:44:55,TCP,140.82.112.21,443,192.168.100.24,50224,A,60,TCP Flags: A Seq=1443700150 Ack=3235459198
2025-05-27 13:44:55,TCP,140.82.112.21,443,192.168.100.24,50224,A,60,TCP Flags: A Seq=1443700150 Ack=3235462022
2025-05-27 13:44:55,TCP,140.82.112.21,443,192.168.100.24,50224,A,60,TCP Flags: A Seq=1443700150 Ack=3235467670
2025-05-27 13:44:55,TCP,140.82.112.21,443,192.168.100.24,50224,PA,133,TCP Flags: PA Seq=1443700150 Ack=3235467670
2025-05-27 13:44:55,TCP,140.82.112.21,443,192.168.100.24,50224,PA,133,TCP Flags: PA Seq=1443700229 Ack=3235467670
2025-05-27 13:44:55,TCP,192.168.100.24,50224,140.82.112.21,443,PA,10822,TCP Flags: PA Seq=3235469082 Ack=1443700308
2025-05-27 13:44:55,TCP,140.82.112.21,443,192.168.100.24,50224,A,60,TCP Flags: A Seq=1443700308 Ack=3235469082
2025-05-27 13:44:55,TCP,140.82.112.21,443,192.168.100.24,50223,A,60,TCP Flags: A Seq=3308102168 Ack=2043595084
2025-05-27 13:44:55,TCP,140.82.112.21,443,192.168.100.24,50223,A,60,TCP Flags: A Seq=3308102168 Ack=2043596496
2025-05-27 13:44:55,TCP,140.82.112.21,443,192.168.100.24,50223,A,60,TCP Flags: A Seq=3308102168 Ack=2043597908
2025-05-27 13:44:55,TCP,140.82.112.21,443,192.168.100.24,50223,A,60,TCP Flags: A Seq=3308102168 Ack=2043599320
2025-05-27 13:44:55,TCP,140.82.112.21,443,192.168.100.24,50223,A,60,TCP Flags: A Seq=3308102168 Ack=2043603556
2025-05-27 13:44:55,TCP,140.82.112.21,443,192.168.100.24,50223,PA,102,TCP Flags: PA Seq=3308102168 Ack=2043603556
2025-05-27 13:44:55,TCP,140.82.112.21,443,192.168.100.24,50223,PA,102,TCP Flags: PA Seq=3308102216 Ack=2043603911
2025-05-27 13:44:55,TCP,192.168.100.24,50223,140.82.112.21,443,A,54,TCP Flags: A Seq=2043603911 Ack=3308102264
2025-05-27 13:44:56,TCPv6,2603:1040:5:3::19,443,2001:f40:94e:d4b:f:1b03:3a33:228,49860,PA,178,TCP Flags: PA Seq=435646130 Ack=2471809341
2025-05-27 13:44:56,TCP,140.82.112.21,443,192.168.100.24,50224,A,60,TCP Flags: A Seq=1443700308 Ack=3235470494
2025-05-27 13:44:56,TCP,140.82.112.21,443,192.168.100.24,50224,A,60,TCP Flags: A Seq=1443700308 Ack=3235471906
2025-05-27 13:44:56,TCP,140.82.112.21,443,192.168.100.24,50224,A,60,TCP Flags: A Seq=1443700308 Ack=3235473318
2025-05-27 13:44:56,TCP,140.82.112.21,443,192.168.100.24,50224,PA,118,TCP Flags: PA Seq=1443700308 Ack=3235473318
2025-05-27 13:44:56,TCP,140.82.112.21,443,192.168.100.24,50224,A,60,TCP Flags: A Seq=1443700372 Ack=3235476142
2025-05-27 13:44:56,TCP,140.82.112.21,443,192.168.100.24,50224,A,60,TCP Flags: A Seq=1443700372 Ack=3235479850
2025-05-27 13:44:56,TCP,140.82.112.21,443,192.168.100.24,50224,PA,102,TCP Flags: PA Seq=1443700372 Ack=3235479850
2025-05-27 13:44:56,TCP,192.168.100.24,50224,140.82.112.21,443,A,54,TCP Flags: A Seq=3235479850 Ack=1443700420
2025-05-27 13:44:56,TCP,192.168.100.24,50224,140.82.112.21,443,PA,85,TCP Flags: PA Seq=3235479850 Ack=1443700420
2025-05-27 13:44:56,TCPv6,2001:f40:94e:d4b:f:1b03:3a33:228,49860,2603:1040:5:3::19,443,A,74,TCP Flags: A Seq=2471809341 Ack=435646234
2025-05-27 13:44:56,TCP,140.82.112.21,443,192.168.100.24,50223,PA,521,TCP Flags: PA Seq=3308102264 Ack=2043603911
2025-05-27 13:44:56,TCP,192.168.100.24,50223,140.82.112.21,443,A,54,TCP Flags: A Seq=2043603911 Ack=3308102731
2025-05-27 13:44:56,TCP,140.82.112.21,443,192.168.100.24,50224,A,60,TCP Flags: A Seq=1443700420 Ack=3235479881
2025-05-27 13:44:56,TCP,140.82.112.21,443,192.168.100.24,50224,PA,766,TCP Flags: PA Seq=1443700420 Ack=3235479881
2025-05-27 13:44:56,TCP,192.168.100.24,50224,140.82.112.21,443,A,54,TCP Flags: A Seq=3235479881 Ack=1443701132
2025-05-27 13:44:58,TCP,192.168.100.24,63529,103.10.124.4,27018,PA,108,TCP Flags: PA Seq=1749969100 Ack=3387543873
2025-05-27 13:44:58,TCP,103.10.124.4,27018,192.168.100.24,63529,A,60,TCP Flags: A Seq=3387543873 Ack=1749969154
2025-05-27 13:44:58,TCP,103.10.124.4,27018,192.168.100.24,63529,PA,488,TCP Flags: PA Seq=3387543873 Ack=1749969154
2025-05-27 13:44:58,TCP,192.168.100.24,63529,103.10.124.4,27018,A,54,TCP Flags: A Seq=1749969154 Ack=3387544307
2025-05-27 13:44:58,TCPv6,2603:1040:5:3::16,443,2001:f40:94e:d4b:f:1b03:3a33:228,63681,PA,101,TCP Flags: PA Seq=1672324024 Ack=3158358385
2025-05-27 13:44:58,TCPv6,2001:f40:94e:d4b:f:1b03:3a33:228,63681,2603:1040:5:3::16,443,A,74,TCP Flags: A Seq=3158358385 Ack=1672324051
2025-05-27 13:44:58,UNKNOWN,,,,,,84,"Ether / PPPoE Active Discovery Initiation (PADI) / PPPoE TagsService-Name, Host-Uniq / Padding"
2025-05-27 13:44:59,TCPv6,2001:f40:94e:d4b:f:1b03:3a33:228,50212,2600:1f18:24e6:b900:2d16:a724:7ca3:5c63,443,A,75,TCP Flags: A Seq=3821505714 Ack=97112288
2025-05-27 13:45:00,TCPv6,2001:f40:94e:d4b:f:1b03:3a33:228,50213,2600:1f18:24e6:b900:2d16:a724:7ca3:5c63,443,A,75,TCP Flags: A Seq=3313496976 Ack=1067399738
2025-05-27 13:45:00,TCPv6,2600:1f18:24e6:b900:2d16:a724:7ca3:5c63,443,2001:f40:94e:d4b:f:1b03:3a33:228,50212,A,86,TCP Flags: A Seq=97112288 Ack=3821505715
2025-05-27 13:45:00,TCPv6,2600:1f18:24e6:b900:2d16:a724:7ca3:5c63,443,2001:f40:94e:d4b:f:1b03:3a33:228,50213,A,86,TCP Flags: A Seq=1067399738 Ack=3313496977
2025-05-27 13:45:01,TCPv6,2001:f40:94e:d4b:f:1b03:3a33:228,50208,2606:4700:4400::ac40:9262,443,FA,74,TCP Flags: FA Seq=3134457061 Ack=324077188
2025-05-27 13:45:01,TCP,192.168.100.24,50225,91.107.202.227,443,S,66,TCP Flags: S Seq=3403627686 Ack=0
2025-05-27 13:45:01,TCPv6,2606:4700:4400::ac40:9262,443,2001:f40:94e:d4b:f:1b03:3a33:228,50208,FA,74,TCP Flags: FA Seq=324077188 Ack=3134457062
2025-05-27 13:45:01,TCPv6,2001:f40:94e:d4b:f:1b03:3a33:228,50208,2606:4700:4400::ac40:9262,443,A,74,TCP Flags: A Seq=3134457062 Ack=324077189
2025-05-27 13:45:01,TCP,91.107.202.227,443,192.168.100.24,50225,SA,66,TCP Flags: SA Seq=2125609723 Ack=3403627687
2025-05-27 13:45:01,TCP,192.168.100.24,50225,91.107.202.227,443,A,54,TCP Flags: A Seq=3403627687 Ack=2125609724
2025-05-27 13:45:01,TCP,192.168.100.24,50225,91.107.202.227,443,PA,1885,TCP Flags: PA Seq=3403627687 Ack=2125609724
2025-05-27 13:45:02,TCP,91.107.202.227,443,192.168.100.24,50225,A,60,TCP Flags: A Seq=2125609724 Ack=3403629099
2025-05-27 13:45:02,TCP,91.107.202.227,443,192.168.100.24,50225,A,60,TCP Flags: A Seq=2125609724 Ack=3403629518
2025-05-27 13:45:02,TCP,91.107.202.227,443,192.168.100.24,50225,PA,298,TCP Flags: PA Seq=2125609724 Ack=3403629518
2025-05-27 13:45:02,TCP,192.168.100.24,50225,91.107.202.227,443,PA,118,TCP Flags: PA Seq=3403629518 Ack=2125609968
2025-05-27 13:45:02,TCP,192.168.100.24,50225,91.107.202.227,443,PA,894,TCP Flags: PA Seq=3403629582 Ack=2125609968
2025-05-27 13:45:02,TCP,91.107.202.227,443,192.168.100.24,50225,A,60,TCP Flags: A Seq=2125609968 Ack=3403630422
2025-05-27 13:45:02,TCP,91.107.202.227,443,192.168.100.24,50225,PA,133,TCP Flags: PA Seq=2125609968 Ack=3403630422
2025-05-27 13:45:02,TCP,91.107.202.227,443,192.168.100.24,50225,PA,1273,TCP Flags: PA Seq=2125610047 Ack=3403630422
2025-05-27 13:45:02,TCP,192.168.100.24,50225,91.107.202.227,443,A,54,TCP Flags: A Seq=3403630422 Ack=2125611266
2025-05-27 13:45:02,TCP,192.168.100.24,50209,52.168.117.170,443,A,55,TCP Flags: A Seq=3431571516 Ack=1355701535
2025-05-27 13:45:02,TCP,52.168.117.170,443,192.168.100.24,50209,A,66,TCP Flags: A Seq=1355701535 Ack=3431571517
2025-05-27 13:45:03,TCPv6,2001:f40:94e:d4b:f:1b03:3a33:228,49967,2606:4700:4400::6812:202f,443,A,75,TCP Flags: A Seq=869823458 Ack=3295625298
2025-05-27 13:45:03,TCPv6,2606:4700:4400::6812:202f,443,2001:f40:94e:d4b:f:1b03:3a33:228,49967,A,86,TCP Flags: A Seq=3295625298 Ack=869823459
2025-05-27 13:45:03,IP(proto=2),192.168.100.24,,224.0.0.22,,,54,Ether / 192.168.100.24 > 224.0.0.22 2 / Raw
2025-05-27 13:45:03,IP(proto=2),192.168.100.24,,224.0.0.22,,,54,Ether / 192.168.100.24 > 224.0.0.22 2 / Raw
2025-05-27 13:45:04,TCPv6,2603:1040:5:3::19,443,2001:f40:94e:d4b:f:1b03:3a33:228,49860,PA,101,TCP Flags: PA Seq=435646234 Ack=2471809341
2025-05-27 13:45:04,TCPv6,2001:f40:94e:d4b:f:1b03:3a33:228,49860,2603:1040:5:3::19,443,A,74,TCP Flags: A Seq=2471809341 Ack=435646261
2025-05-27 13:45:04,IP(proto=2),192.168.100.24,,224.0.0.22,,,54,Ether / 192.168.100.24 > 224.0.0.22 2 / Raw
2025-05-27 13:45:04,IP(proto=2),192.168.100.24,,224.0.0.22,,,54,Ether / 192.168.100.24 > 224.0.0.22 2 / Raw
2025-05-27 13:45:07,TCPv6,2001:f40:94e:d4b:f:1b03:3a33:228,63681,2603:1040:5:3::16,443,PA,105,TCP Flags: PA Seq=3158358385 Ack=1672324051
2025-05-27 13:45:07,TCPv6,2603:1040:5:3::16,443,2001:f40:94e:d4b:f:1b03:3a33:228,63681,A,74,TCP Flags: A Seq=1672324051 Ack=3158358416
2025-05-27 13:45:07,TCPv6,2001:f40:94e:d4b:f:1b03:3a33:228,49860,2603:1040:5:3::19,443,PA,105,TCP Flags: PA Seq=2471809341 Ack=435646261
2025-05-27 13:45:07,TCPv6,2603:1040:5:3::19,443,2001:f40:94e:d4b:f:1b03:3a33:228,49860,A,74,TCP Flags: A Seq=435646261 Ack=2471809372
2025-05-27 13:45:07,ARP,192.168.100.52,,192.168.100.1,,,60,ARP OP: 1
2025-05-27 13:45:07,ARP,192.168.100.52,,192.168.100.1,,,60,ARP OP: 1
2025-05-27 13:45:09,TCPv6,2001:f40:94e:d4b:f:1b03:3a33:228,49860,2603:1040:5:3::19,443,PA,102,TCP Flags: PA Seq=2471809372 Ack=435646261
2025-05-27 13:45:09,TCPv6,2603:1040:5:3::19,443,2001:f40:94e:d4b:f:1b03:3a33:228,49860,A,74,TCP Flags: A Seq=435646261 Ack=2471809400
2025-05-27 13:45:10,TCPv6,2001:f40:94e:d4b:f:1b03:3a33:228,63681,2603:1040:5:3::16,443,PA,102,TCP Flags: PA Seq=3158358416 Ack=1672324051
2025-05-27 13:45:10,TCPv6,2603:1040:5:3::16,443,2001:f40:94e:d4b:f:1b03:3a33:228,63681,A,74,TCP Flags: A Seq=1672324051 Ack=3158358444
2025-05-27 13:45:10,TCPv6,2001:f40:94e:d4b:f:1b03:3a33:228,49739,2603:1063::58,443,PA,124,TCP Flags: PA Seq=4127677053 Ack=613560550
2025-05-27 13:45:10,TCPv6,2603:1063::58,443,2001:f40:94e:d4b:f:1b03:3a33:228,49739,PA,113,TCP Flags: PA Seq=613560550 Ack=4127677103
2025-05-27 13:45:10,TCPv6,2001:f40:94e:d4b:f:1b03:3a33:228,49739,2603:1063::58,443,A,74,TCP Flags: A Seq=4127677103 Ack=613560589
2025-05-27 13:45:11,TCPv6,2603:1040:5:3::19,443,2001:f40:94e:d4b:f:1b03:3a33:228,49860,PA,178,TCP Flags: PA Seq=435646261 Ack=2471809400
2025-05-27 13:45:11,TCPv6,2001:f40:94e:d4b:f:1b03:3a33:228,49860,2603:1040:5:3::19,443,A,74,TCP Flags: A Seq=2471809400 Ack=435646365
2025-05-27 13:45:11,TCPv6,2001:f40:94e:d4b:f:1b03:3a33:228,50218,2603:1063:27:1::14,443,A,75,TCP Flags: A Seq=1617624456 Ack=2312699835
2025-05-27 13:45:11,TCPv6,2603:1063:27:1::14,443,2001:f40:94e:d4b:f:1b03:3a33:228,50218,A,86,TCP Flags: A Seq=2312699835 Ack=1617624457
2025-05-27 13:45:11,TCPv6,2620:1ec:a92::175,443,2001:f40:94e:d4b:f:1b03:3a33:228,50203,RA,74,TCP Flags: RA Seq=1828530370 Ack=2288538202
2025-05-27 13:45:12,ICMP,192.168.100.1,,192.168.100.24,,,98,ICMP Type: 8 Code: 0
2025-05-27 13:45:13,ARP,192.168.100.52,,192.168.100.1,,,60,ARP OP: 1
2025-05-27 13:45:13,ARP,192.168.100.52,,192.168.100.1,,,60,ARP OP: 1
2025-05-27 13:45:13,TCPv6,2603:1040:5:3::16,443,2001:f40:94e:d4b:f:1b03:3a33:228,63681,PA,101,TCP Flags: PA Seq=1672324051 Ack=3158358444
2025-05-27 13:45:13,TCPv6,2001:f40:94e:d4b:f:1b03:3a33:228,63681,2603:1040:5:3::16,443,A,74,TCP Flags: A Seq=3158358444 Ack=1672324078
2025-05-27 13:45:13,TCP,192.168.100.24,50210,18.161.180.113,443,A,55,TCP Flags: A Seq=1506367638 Ack=3328509567
2025-05-27 13:45:13,TCP,18.161.180.113,443,192.168.100.24,50210,A,66,TCP Flags: A Seq=3328509567 Ack=1506367639
2025-05-27 13:45:13,UNKNOWN,,,,,,84,"Ether / PPPoE Active Discovery Initiation (PADI) / PPPoE TagsService-Name, Host-Uniq / Padding"
2025-05-27 13:45:14,IP(proto=2),192.168.100.24,,224.0.0.22,,,54,Ether / 192.168.100.24 > 224.0.0.22 2 / Raw
2025-05-27 13:45:14,ICMP,192.168.100.1,,192.168.100.24,,,98,ICMP Type: 8 Code: 0
2025-05-27 13:45:14,TCPv6,2600:1f18:24e6:b900:2d16:a724:7ca3:5c63,443,2001:f40:94e:d4b:f:1b03:3a33:228,50212,PA,113,TCP Flags: PA Seq=97112288 Ack=3821505715
2025-05-27 13:45:14,TCPv6,2001:f40:94e:d4b:f:1b03:3a33:228,50212,2600:1f18:24e6:b900:2d16:a724:7ca3:5c63,443,FA,74,TCP Flags: FA Seq=3821505715 Ack=97112327
2025-05-27 13:45:14,IP(proto=2),192.168.100.24,,224.0.0.22,,,54,Ether / 192.168.100.24 > 224.0.0.22 2 / Raw
2025-05-27 13:45:14,TCPv6,2600:1f18:24e6:b900:2d16:a724:7ca3:5c63,443,2001:f40:94e:d4b:f:1b03:3a33:228,50213,PA,548,TCP Flags: PA Seq=1067399738 Ack=3313496977
2025-05-27 13:45:14,TCPv6,2600:1f18:24e6:b900:2d16:a724:7ca3:5c63,443,2001:f40:94e:d4b:f:1b03:3a33:228,50213,FA,74,TCP Flags: FA Seq=1067400212 Ack=3313496977
2025-05-27 13:45:14,TCPv6,2001:f40:94e:d4b:f:1b03:3a33:228,50213,2600:1f18:24e6:b900:2d16:a724:7ca3:5c63,443,A,74,TCP Flags: A Seq=3313496977 Ack=1067400213
2025-05-27 13:45:14,TCPv6,2600:1f18:24e6:b900:2d16:a724:7ca3:5c63,443,2001:f40:94e:d4b:f:1b03:3a33:228,50212,PA,98,TCP Flags: PA Seq=97112327 Ack=3821505716
2025-05-27 13:45:14,TCPv6,2600:1f18:24e6:b900:2d16:a724:7ca3:5c63,443,2001:f40:94e:d4b:f:1b03:3a33:228,50212,FA,74,TCP Flags: FA Seq=97112351 Ack=3821505716
2025-05-27 13:45:14,TCPv6,2001:f40:94e:d4b:f:1b03:3a33:228,50212,2600:1f18:24e6:b900:2d16:a724:7ca3:5c63,443,RA,74,TCP Flags: RA Seq=3821505716 Ack=97112351
2025-05-27 13:45:15,IP(proto=2),192.168.100.24,,224.0.0.22,,,54,Ether / 192.168.100.24 > 224.0.0.22 2 / Raw
2025-05-27 13:45:15,IP(proto=2),192.168.100.24,,224.0.0.22,,,54,Ether / 192.168.100.24 > 224.0.0.22 2 / Raw
2025-05-27 13:45:16,TCP,192.168.100.24,50226,52.138.119.101,443,S,66,TCP Flags: S Seq=3305189525 Ack=0
2025-05-27 13:45:16,TCP,52.138.119.101,443,192.168.100.24,50226,SA,66,TCP Flags: SA Seq=3335474757 Ack=3305189526
2025-05-27 13:45:16,TCP,192.168.100.24,50226,52.138.119.101,443,A,54,TCP Flags: A Seq=3305189526 Ack=3335474758
2025-05-27 13:45:16,TCP,192.168.100.24,50226,52.138.119.101,443,PA,624,TCP Flags: PA Seq=3305189526 Ack=3335474758
2025-05-27 13:45:16,TCPv6,2001:f40:94e:d4b:f:1b03:3a33:228,50227,2620:1ec:29:1::59,443,S,86,TCP Flags: S Seq=225117120 Ack=0
2025-05-27 13:45:16,TCPv6,2620:1ec:29:1::59,443,2001:f40:94e:d4b:f:1b03:3a33:228,50227,SA,86,TCP Flags: SA Seq=2515063245 Ack=225117121
2025-05-27 13:45:16,TCPv6,2001:f40:94e:d4b:f:1b03:3a33:228,50227,2620:1ec:29:1::59,443,A,74,TCP Flags: A Seq=225117121 Ack=2515063246
2025-05-27 13:45:16,IPv6(nh=6),2001:f40:94e:d4b:f:1b03:3a33:228,,2620:1ec:29:1::59,,,2106,Ether / 2001:f40:94e:d4b:f:1b03:3a33:228 > 2620:1ec:29:1::59 (6) / Padding
2025-05-27 13:45:16,TCPv6,2620:1ec:29:1::59,443,2001:f40:94e:d4b:f:1b03:3a33:228,50227,A,74,TCP Flags: A Seq=2515063246 Ack=225118511
2025-05-27 13:45:16,TCPv6,2620:1ec:29:1::59,443,2001:f40:94e:d4b:f:1b03:3a33:228,50227,A,74,TCP Flags: A Seq=2515063246 Ack=225119153
2025-05-27 13:45:16,TCPv6,2620:1ec:29:1::59,443,2001:f40:94e:d4b:f:1b03:3a33:228,50227,PA,173,TCP Flags: PA Seq=2515063246 Ack=225119153
2025-05-27 13:45:16,TCPv6,2001:f40:94e:d4b:f:1b03:3a33:228,50227,2620:1ec:29:1::59,443,PA,920,TCP Flags: PA Seq=225119153 Ack=2515063345
2025-05-27 13:45:16,TCPv6,2620:1ec:29:1::59,443,2001:f40:94e:d4b:f:1b03:3a33:228,50227,PA,355,TCP Flags: PA Seq=2515063345 Ack=225119999
2025-05-27 13:45:16,TCPv6,2001:f40:94e:d4b:f:1b03:3a33:228,50227,2620:1ec:29:1::59,443,PA,148,TCP Flags: PA Seq=225119999 Ack=2515063626
2025-05-27 13:45:16,TCPv6,2001:f40:94e:d4b:f:1b03:3a33:228,50227,2620:1ec:29:1::59,443,PA,166,TCP Flags: PA Seq=225120073 Ack=2515063626
2025-05-27 13:45:16,TCPv6,2001:f40:94e:d4b:f:1b03:3a33:228,50227,2620:1ec:29:1::59,443,PA,346,TCP Flags: PA Seq=225120165 Ack=2515063626
2025-05-27 13:45:16,TCPv6,2620:1ec:29:1::59,443,2001:f40:94e:d4b:f:1b03:3a33:228,50227,A,74,TCP Flags: A Seq=2515063626 Ack=225120165
2025-05-27 13:45:16,TCPv6,2620:1ec:29:1::59,443,2001:f40:94e:d4b:f:1b03:3a33:228,50227,PA,145,TCP Flags: PA Seq=2515063626 Ack=225120437
2025-05-27 13:45:16,TCPv6,2620:1ec:29:1::59,443,2001:f40:94e:d4b:f:1b03:3a33:228,50227,A,1464,TCP Flags: A Seq=2515063697 Ack=225120437
2025-05-27 13:45:16,TCPv6,2620:1ec:29:1::59,443,2001:f40:94e:d4b:f:1b03:3a33:228,50227,PA,1464,TCP Flags: PA Seq=2515065087 Ack=225120437
2025-05-27 13:45:16,TCPv6,2001:f40:94e:d4b:f:1b03:3a33:228,50227,2620:1ec:29:1::59,443,A,74,TCP Flags: A Seq=225120437 Ack=2515066477
2025-05-27 13:45:16,TCPv6,2620:1ec:29:1::59,443,2001:f40:94e:d4b:f:1b03:3a33:228,50227,A,1464,TCP Flags: A Seq=2515066477 Ack=225120437
2025-05-27 13:45:16,TCPv6,2620:1ec:29:1::59,443,2001:f40:94e:d4b:f:1b03:3a33:228,50227,PA,1464,TCP Flags: PA Seq=2515067867 Ack=225120437
2025-05-27 13:45:16,TCPv6,2620:1ec:29:1::59,443,2001:f40:94e:d4b:f:1b03:3a33:228,50227,A,1464,TCP Flags: A Seq=2515069257 Ack=225120437
2025-05-27 13:45:16,TCPv6,2001:f40:94e:d4b:f:1b03:3a33:228,50227,2620:1ec:29:1::59,443,A,74,TCP Flags: A Seq=225120437 Ack=2515070647
2025-05-27 13:45:16,TCPv6,2001:f40:94e:d4b:f:1b03:3a33:228,50227,2620:1ec:29:1::59,443,PA,105,TCP Flags: PA Seq=225120437 Ack=2515070647
2025-05-27 13:45:16,TCPv6,2620:1ec:29:1::59,443,2001:f40:94e:d4b:f:1b03:3a33:228,50227,PA,1464,TCP Flags: PA Seq=2515070647 Ack=225120437
2025-05-27 13:45:16,TCPv6,2620:1ec:29:1::59,443,2001:f40:94e:d4b:f:1b03:3a33:228,50227,A,1464,TCP Flags: A Seq=2515072037 Ack=225120437
2025-05-27 13:45:16,TCPv6,2620:1ec:29:1::59,443,2001:f40:94e:d4b:f:1b03:3a33:228,50227,PA,1464,TCP Flags: PA Seq=2515073427 Ack=225120437
2025-05-27 13:45:16,TCPv6,2620:1ec:29:1::59,443,2001:f40:94e:d4b:f:1b03:3a33:228,50227,A,1464,TCP Flags: A Seq=2515074817 Ack=225120437
2025-05-27 13:45:16,TCPv6,2001:f40:94e:d4b:f:1b03:3a33:228,50227,2620:1ec:29:1::59,443,A,74,TCP Flags: A Seq=225120468 Ack=2515076207
2025-05-27 13:45:16,TCPv6,2620:1ec:29:1::59,443,2001:f40:94e:d4b:f:1b03:3a33:228,50227,A,1464,TCP Flags: A Seq=2515076207 Ack=225120437
2025-05-27 13:45:16,TCPv6,2620:1ec:29:1::59,443,2001:f40:94e:d4b:f:1b03:3a33:228,50227,PA,1464,TCP Flags: PA Seq=2515077597 Ack=225120437
2025-05-27 13:45:16,TCPv6,2001:f40:94e:d4b:f:1b03:3a33:228,50227,2620:1ec:29:1::59,443,A,74,TCP Flags: A Seq=225120468 Ack=2515078987
2025-05-27 13:45:16,TCPv6,2620:1ec:29:1::59,443,2001:f40:94e:d4b:f:1b03:3a33:228,50227,A,1464,TCP Flags: A Seq=2515078987 Ack=225120437
2025-05-27 13:45:16,TCPv6,2620:1ec:29:1::59,443,2001:f40:94e:d4b:f:1b03:3a33:228,50227,PA,1464,TCP Flags: PA Seq=2515080377 Ack=225120437
2025-05-27 13:45:16,TCPv6,2001:f40:94e:d4b:f:1b03:3a33:228,50227,2620:1ec:29:1::59,443,A,74,TCP Flags: A Seq=225120468 Ack=2515081767
2025-05-27 13:45:16,TCPv6,2620:1ec:29:1::59,443,2001:f40:94e:d4b:f:1b03:3a33:228,50227,A,1464,TCP Flags: A Seq=2515081767 Ack=225120437
2025-05-27 13:45:16,TCPv6,2620:1ec:29:1::59,443,2001:f40:94e:d4b:f:1b03:3a33:228,50227,PA,1464,TCP Flags: PA Seq=2515083157 Ack=225120437
2025-05-27 13:45:16,TCPv6,2620:1ec:29:1::59,443,2001:f40:94e:d4b:f:1b03:3a33:228,50227,A,1464,TCP Flags: A Seq=2515084547 Ack=225120468
2025-05-27 13:45:16,TCPv6,2620:1ec:29:1::59,443,2001:f40:94e:d4b:f:1b03:3a33:228,50227,PA,1464,TCP Flags: PA Seq=2515085937 Ack=225120468
2025-05-27 13:45:16,TCPv6,2001:f40:94e:d4b:f:1b03:3a33:228,50227,2620:1ec:29:1::59,443,A,74,TCP Flags: A Seq=225120468 Ack=2515087327
2025-05-27 13:45:16,TCPv6,2620:1ec:29:1::59,443,2001:f40:94e:d4b:f:1b03:3a33:228,50227,A,1464,TCP Flags: A Seq=2515087327 Ack=225120468
2025-05-27 13:45:16,TCPv6,2620:1ec:29:1::59,443,2001:f40:94e:d4b:f:1b03:3a33:228,50227,A,1464,TCP Flags: A Seq=2515088717 Ack=225120468
2025-05-27 13:45:16,TCPv6,2620:1ec:29:1::59,443,2001:f40:94e:d4b:f:1b03:3a33:228,50227,PA,1464,TCP Flags: PA Seq=2515090107 Ack=225120468
2025-05-27 13:45:16,TCPv6,2001:f40:94e:d4b:f:1b03:3a33:228,50227,2620:1ec:29:1::59,443,A,74,TCP Flags: A Seq=225120468 Ack=2515091497
2025-05-27 13:45:16,TCPv6,2620:1ec:29:1::59,443,2001:f40:94e:d4b:f:1b03:3a33:228,50227,A,1464,TCP Flags: A Seq=2515091497 Ack=225120468
2025-05-27 13:45:16,TCPv6,2620:1ec:29:1::59,443,2001:f40:94e:d4b:f:1b03:3a33:228,50227,A,1464,TCP Flags: A Seq=2515092887 Ack=225120468
2025-05-27 13:45:16,TCPv6,2001:f40:94e:d4b:f:1b03:3a33:228,50227,2620:1ec:29:1::59,443,A,74,TCP Flags: A Seq=225120468 Ack=2515094277
2025-05-27 13:45:16,TCPv6,2620:1ec:29:1::59,443,2001:f40:94e:d4b:f:1b03:3a33:228,50227,PA,1464,TCP Flags: PA Seq=2515094277 Ack=225120468
2025-05-27 13:45:16,TCPv6,2001:f40:94e:d4b:f:1b03:3a33:228,50227,2620:1ec:29:1::59,443,A,74,TCP Flags: A Seq=225120468 Ack=2515095667
2025-05-27 13:45:16,TCPv6,2620:1ec:29:1::59,443,2001:f40:94e:d4b:f:1b03:3a33:228,50227,A,1464,TCP Flags: A Seq=2515095667 Ack=225120468
2025-05-27 13:45:16,TCPv6,2620:1ec:29:1::59,443,2001:f40:94e:d4b:f:1b03:3a33:228,50227,A,1464,TCP Flags: A Seq=2515097057 Ack=225120468
2025-05-27 13:45:16,TCPv6,2001:f40:94e:d4b:f:1b03:3a33:228,50227,2620:1ec:29:1::59,443,A,74,TCP Flags: A Seq=225120468 Ack=2515098447
2025-05-27 13:45:16,TCPv6,2620:1ec:29:1::59,443,2001:f40:94e:d4b:f:1b03:3a33:228,50227,PA,1464,TCP Flags: PA Seq=2515098447 Ack=225120468
2025-05-27 13:45:16,TCPv6,2620:1ec:29:1::59,443,2001:f40:94e:d4b:f:1b03:3a33:228,50227,A,1464,TCP Flags: A Seq=2515099837 Ack=225120468
2025-05-27 13:45:16,TCPv6,2001:f40:94e:d4b:f:1b03:3a33:228,50227,2620:1ec:29:1::59,443,A,74,TCP Flags: A Seq=225120468 Ack=2515101227
2025-05-27 13:45:16,TCPv6,2620:1ec:29:1::59,443,2001:f40:94e:d4b:f:1b03:3a33:228,50227,A,1464,TCP Flags: A Seq=2515101227 Ack=225120468
2025-05-27 13:45:16,TCPv6,2620:1ec:29:1::59,443,2001:f40:94e:d4b:f:1b03:3a33:228,50227,PA,1464,TCP Flags: PA Seq=2515102617 Ack=225120468
2025-05-27 13:45:16,TCPv6,2001:f40:94e:d4b:f:1b03:3a33:228,50227,2620:1ec:29:1::59,443,A,74,TCP Flags: A Seq=225120468 Ack=2515104007
2025-05-27 13:45:16,TCPv6,2620:1ec:29:1::59,443,2001:f40:94e:d4b:f:1b03:3a33:228,50227,A,1464,TCP Flags: A Seq=2515104007 Ack=225120468
2025-05-27 13:45:16,TCPv6,2620:1ec:29:1::59,443,2001:f40:94e:d4b:f:1b03:3a33:228,50227,A,1464,TCP Flags: A Seq=2515105397 Ack=225120468
2025-05-27 13:45:16,TCPv6,2001:f40:94e:d4b:f:1b03:3a33:228,50227,2620:1ec:29:1::59,443,A,74,TCP Flags: A Seq=225120468 Ack=2515106787
2025-05-27 13:45:16,TCPv6,2620:1ec:29:1::59,443,2001:f40:94e:d4b:f:1b03:3a33:228,50227,PA,1464,TCP Flags: PA Seq=2515106787 Ack=225120468
2025-05-27 13:45:16,TCP,52.138.119.101,443,192.168.100.24,50226,A,1466,TCP Flags: A Seq=3335474758 Ack=3305190096
2025-05-27 13:45:16,TCP,192.168.100.24,50226,52.138.119.101,443,A,54,TCP Flags: A Seq=3305190096 Ack=3335476170
2025-05-27 13:45:16,TCP,52.138.119.101,443,192.168.100.24,50226,A,1466,TCP Flags: A Seq=3335476170 Ack=3305190096
2025-05-27 13:45:16,TCP,192.168.100.24,50226,52.138.119.101,443,A,54,TCP Flags: A Seq=3305190096 Ack=3335477582
2025-05-27 13:45:16,TCP,52.138.119.101,443,192.168.100.24,50226,A,1466,TCP Flags: A Seq=3335477582 Ack=3305190096
2025-05-27 13:45:16,TCP,192.168.100.24,50226,52.138.119.101,443,A,54,TCP Flags: A Seq=3305190096 Ack=3335478994
2025-05-27 13:45:16,TCP,52.138.119.101,443,192.168.100.24,50226,A,1466,TCP Flags: A Seq=3335478994 Ack=3305190096
2025-05-27 13:45:16,TCP,52.138.119.101,443,192.168.100.24,50226,PA,620,TCP Flags: PA Seq=3335480406 Ack=3305190096
2025-05-27 13:45:16,TCP,192.168.100.24,50226,52.138.119.101,443,A,54,TCP Flags: A Seq=3305190096 Ack=3335480972
2025-05-27 13:45:16,TCP,192.168.100.24,50226,52.138.119.101,443,PA,134,TCP Flags: PA Seq=3305190096 Ack=3335480972
2025-05-27 13:45:16,TCP,192.168.100.24,50226,52.138.119.101,443,PA,134,TCP Flags: PA Seq=3305190176 Ack=3335480972
2025-05-27 13:45:16,TCP,192.168.100.24,50226,52.138.119.101,443,PA,2199,TCP Flags: PA Seq=3305190256 Ack=3335480972
2025-05-27 13:45:16,TCP,192.168.100.24,50226,52.138.119.101,443,PA,143,TCP Flags: PA Seq=3305192401 Ack=3335480972
2025-05-27 13:45:16,TCP,192.168.100.24,50226,52.138.119.101,443,PA,85,TCP Flags: PA Seq=3305192490 Ack=3335480972
2025-05-27 13:45:16,TCPv6,2620:1ec:29:1::59,443,2001:f40:94e:d4b:f:1b03:3a33:228,50227,A,1464,TCP Flags: A Seq=2515108177 Ack=225120468
2025-05-27 13:45:16,TCPv6,2001:f40:94e:d4b:f:1b03:3a33:228,50227,2620:1ec:29:1::59,443,A,74,TCP Flags: A Seq=225120468 Ack=2515109567
2025-05-27 13:45:16,TCPv6,2620:1ec:29:1::59,443,2001:f40:94e:d4b:f:1b03:3a33:228,50227,A,1464,TCP Flags: A Seq=2515109567 Ack=225120468
2025-05-27 13:45:16,TCPv6,2620:1ec:29:1::59,443,2001:f40:94e:d4b:f:1b03:3a33:228,50227,A,1464,TCP Flags: A Seq=2515110957 Ack=225120468
2025-05-27 13:45:16,TCPv6,2001:f40:94e:d4b:f:1b03:3a33:228,50227,2620:1ec:29:1::59,443,A,74,TCP Flags: A Seq=225120468 Ack=2515112347
2025-05-27 13:45:16,TCPv6,2620:1ec:29:1::59,443,2001:f40:94e:d4b:f:1b03:3a33:228,50227,PA,1464,TCP Flags: PA Seq=2515112347 Ack=225120468
2025-05-27 13:45:16,TCPv6,2620:1ec:29:1::59,443,2001:f40:94e:d4b:f:1b03:3a33:228,50227,A,1464,TCP Flags: A Seq=2515113737 Ack=225120468
2025-05-27 13:45:16,TCPv6,2001:f40:94e:d4b:f:1b03:3a33:228,50227,2620:1ec:29:1::59,443,A,74,TCP Flags: A Seq=225120468 Ack=2515115127
2025-05-27 13:45:16,TCPv6,2620:1ec:29:1::59,443,2001:f40:94e:d4b:f:1b03:3a33:228,50227,A,1464,TCP Flags: A Seq=2515115127 Ack=225120468
2025-05-27 13:45:16,TCPv6,2620:1ec:29:1::59,443,2001:f40:94e:d4b:f:1b03:3a33:228,50227,A,1464,TCP Flags: A Seq=2515116517 Ack=225120468
2025-05-27 13:45:16,TCPv6,2001:f40:94e:d4b:f:1b03:3a33:228,50227,2620:1ec:29:1::59,443,A,74,TCP Flags: A Seq=225120468 Ack=2515117907
2025-05-27 13:45:16,TCPv6,2620:1ec:29:1::59,443,2001:f40:94e:d4b:f:1b03:3a33:228,50227,PA,1464,TCP Flags: PA Seq=2515117907 Ack=225120468
2025-05-27 13:45:16,TCPv6,2620:1ec:29:1::59,443,2001:f40:94e:d4b:f:1b03:3a33:228,50227,PA,454,TCP Flags: PA Seq=2515119297 Ack=225120468
2025-05-27 13:45:16,TCPv6,2001:f40:94e:d4b:f:1b03:3a33:228,50227,2620:1ec:29:1::59,443,A,74,TCP Flags: A Seq=225120468 Ack=2515119677
2025-05-27 13:45:17,TCP,52.138.119.101,443,192.168.100.24,50226,A,60,TCP Flags: A Seq=3335480972 Ack=3305190256
2025-05-27 13:45:17,TCP,52.138.119.101,443,192.168.100.24,50226,A,60,TCP Flags: A Seq=3335480972 Ack=3305192521
2025-05-27 13:45:17,TCP,52.138.119.101,443,192.168.100.24,50226,PA,157,TCP Flags: PA Seq=3335480972 Ack=3305192521
2025-05-27 13:45:17,TCP,52.138.119.101,443,192.168.100.24,50226,PA,116,TCP Flags: PA Seq=3335481075 Ack=3305192521
2025-05-27 13:45:17,TCP,192.168.100.24,50226,52.138.119.101,443,A,54,TCP Flags: A Seq=3305192521 Ack=3335481137
2025-05-27 13:45:17,TCP,192.168.100.24,50226,52.138.119.101,443,PA,85,TCP Flags: PA Seq=3305192521 Ack=3335481137
2025-05-27 13:45:17,TCP,52.138.119.101,443,192.168.100.24,50226,PA,258,TCP Flags: PA Seq=3335481137 Ack=3305192521
2025-05-27 13:45:17,TCP,192.168.100.24,50226,52.138.119.101,443,A,54,TCP Flags: A Seq=3305192552 Ack=3335481341
2025-05-27 13:45:17,TCP,52.138.119.101,443,192.168.100.24,50226,A,60,TCP Flags: A Seq=3335481341 Ack=3305192552
2025-05-27 13:45:18,TCP,192.168.100.24,50228,104.18.0.181,443,S,66,TCP Flags: S Seq=1909787166 Ack=0
2025-05-27 13:45:18,TCP,104.18.0.181,443,192.168.100.24,50228,SA,66,TCP Flags: SA Seq=3371936523 Ack=1909787167
2025-05-27 13:45:18,TCP,192.168.100.24,50228,104.18.0.181,443,A,54,TCP Flags: A Seq=1909787167 Ack=3371936524
2025-05-27 13:45:18,TCP,192.168.100.24,50228,104.18.0.181,443,PA,254,TCP Flags: PA Seq=1909787167 Ack=3371936524
2025-05-27 13:45:18,TCP,104.18.0.181,443,192.168.100.24,50228,A,60,TCP Flags: A Seq=3371936524 Ack=1909787367
2025-05-27 13:45:18,TCP,104.18.0.181,443,192.168.100.24,50228,A,1466,TCP Flags: A Seq=3371936524 Ack=1909787367
2025-05-27 13:45:18,TCP,104.18.0.181,443,192.168.100.24,50228,A,1466,TCP Flags: A Seq=3371937936 Ack=1909787367
2025-05-27 13:45:18,TCP,104.18.0.181,443,192.168.100.24,50228,PA,285,TCP Flags: PA Seq=3371939348 Ack=1909787367
2025-05-27 13:45:18,TCP,192.168.100.24,50228,104.18.0.181,443,A,54,TCP Flags: A Seq=1909787367 Ack=3371939579
2025-05-27 13:45:18,TCP,192.168.100.24,50228,104.18.0.181,443,PA,147,TCP Flags: PA Seq=1909787367 Ack=3371939579
2025-05-27 13:45:18,TCP,104.18.0.181,443,192.168.100.24,50228,PA,312,TCP Flags: PA Seq=3371939579 Ack=1909787460
2025-05-27 13:45:18,TCP,104.18.0.181,443,192.168.100.24,50228,PA,123,TCP Flags: PA Seq=3371939837 Ack=1909787460
2025-05-27 13:45:18,TCP,192.168.100.24,50228,104.18.0.181,443,A,54,TCP Flags: A Seq=1909787460 Ack=3371939906
2025-05-27 13:45:18,TCP,192.168.100.24,50228,104.18.0.181,443,PA,141,TCP Flags: PA Seq=1909787460 Ack=3371939906
2025-05-27 13:45:18,TCP,192.168.100.24,50228,104.18.0.181,443,PA,92,TCP Flags: PA Seq=1909787547 Ack=3371939906
2025-05-27 13:45:18,TCP,192.168.100.24,50228,104.18.0.181,443,PA,168,TCP Flags: PA Seq=1909787585 Ack=3371939906
2025-05-27 13:45:18,TCP,104.18.0.181,443,192.168.100.24,50228,A,60,TCP Flags: A Seq=3371939906 Ack=1909787585
2025-05-27 13:45:18,TCP,104.18.0.181,443,192.168.100.24,50228,PA,92,TCP Flags: PA Seq=3371939906 Ack=1909787585
2025-05-27 13:45:18,TCP,104.18.0.181,443,192.168.100.24,50228,PA,232,TCP Flags: PA Seq=3371939944 Ack=1909787699
2025-05-27 13:45:18,TCP,104.18.0.181,443,192.168.100.24,50228,PA,101,TCP Flags: PA Seq=3371940122 Ack=1909787699
2025-05-27 13:45:18,TCP,104.18.0.181,443,192.168.100.24,50228,PA,92,TCP Flags: PA Seq=3371940169 Ack=1909787699
2025-05-27 13:45:18,TCP,192.168.100.24,50228,104.18.0.181,443,A,54,TCP Flags: A Seq=1909787699 Ack=3371940207
2025-05-27 13:45:18,TCP,192.168.100.24,50228,104.18.0.181,443,FA,54,TCP Flags: FA Seq=1909787699 Ack=3371940207
2025-05-27 13:45:18,TCP,104.18.0.181,443,192.168.100.24,50228,FA,60,TCP Flags: FA Seq=3371940207 Ack=1909787700
2025-05-27 13:45:18,TCP,192.168.100.24,50228,104.18.0.181,443,A,54,TCP Flags: A Seq=1909787700 Ack=3371940208
2025-05-27 13:45:18,TCP,192.168.100.24,50393,52.187.79.109,443,A,55,TCP Flags: A Seq=3861173150 Ack=928221625
2025-05-27 13:45:18,TCP,52.187.79.109,443,192.168.100.24,50393,A,66,TCP Flags: A Seq=928221625 Ack=3861173151
2025-05-27 13:45:18,ARP,192.168.100.52,,192.168.100.1,,,60,ARP OP: 1
2025-05-27 13:45:18,TCP,192.168.100.24,50229,20.189.172.32,443,S,66,TCP Flags: S Seq=2602168735 Ack=0
2025-05-27 13:45:18,TCP,192.168.100.24,49972,52.4.201.13,443,A,55,TCP Flags: A Seq=147399832 Ack=3583916280
2025-05-27 13:45:19,TCPv6,2603:1040:5:3::19,443,2001:f40:94e:d4b:f:1b03:3a33:228,49860,PA,101,TCP Flags: PA Seq=435646365 Ack=2471809400
2025-05-27 13:45:19,TCPv6,2001:f40:94e:d4b:f:1b03:3a33:228,49860,2603:1040:5:3::19,443,A,74,TCP Flags: A Seq=2471809400 Ack=435646392
2025-05-27 13:45:19,TCP,20.189.172.32,443,192.168.100.24,50229,SA,66,TCP Flags: SA Seq=1829182405 Ack=2602168736
2025-05-27 13:45:19,TCP,192.168.100.24,50229,20.189.172.32,443,A,54,TCP Flags: A Seq=2602168736 Ack=1829182406
2025-05-27 13:45:19,TCP,192.168.100.24,50229,20.189.172.32,443,PA,571,TCP Flags: PA Seq=2602168736 Ack=1829182406
2025-05-27 13:45:19,TCP,52.4.201.13,443,192.168.100.24,49972,A,66,TCP Flags: A Seq=3583916280 Ack=147399833
2025-05-27 13:45:19,TCP,20.189.172.32,443,192.168.100.24,50229,PA,153,TCP Flags: PA Seq=1829182406 Ack=2602169253
2025-05-27 13:45:19,TCP,192.168.100.24,50229,20.189.172.32,443,PA,500,TCP Flags: PA Seq=2602169253 Ack=1829182505
2025-05-27 13:45:19,TCP,192.168.100.24,49627,104.18.0.181,443,PA,89,TCP Flags: PA Seq=3251059428 Ack=649232038
2025-05-27 13:45:19,TCP,104.18.0.181,443,192.168.100.24,49627,A,60,TCP Flags: A Seq=649232038 Ack=3251059463
2025-05-27 13:45:19,TCP,20.189.172.32,443,192.168.100.24,50229,A,1466,TCP Flags: A Seq=1829182505 Ack=2602169699
2025-05-27 13:45:19,TCP,20.189.172.32,443,192.168.100.24,50229,A,1466,TCP Flags: A Seq=1829183917 Ack=2602169699
2025-05-27 13:45:19,TCP,20.189.172.32,443,192.168.100.24,50229,A,1466,TCP Flags: A Seq=1829185329 Ack=2602169699
2025-05-27 13:45:19,TCP,20.189.172.32,443,192.168.100.24,50229,PA,227,TCP Flags: PA Seq=1829186741 Ack=2602169699
2025-05-27 13:45:19,TCP,192.168.100.24,50229,20.189.172.32,443,A,54,TCP Flags: A Seq=2602169699 Ack=1829186914
2025-05-27 13:45:19,TCP,192.168.100.24,50229,20.189.172.32,443,PA,859,TCP Flags: PA Seq=2602169699 Ack=1829186914
2025-05-27 13:45:19,TCP,20.189.172.32,443,192.168.100.24,50229,PA,157,TCP Flags: PA Seq=1829186914 Ack=2602170504
2025-05-27 13:45:19,TCP,20.189.172.32,443,192.168.100.24,50229,PA,403,TCP Flags: PA Seq=1829187017 Ack=2602170504
2025-05-27 13:45:19,TCP,192.168.100.24,50229,20.189.172.32,443,A,54,TCP Flags: A Seq=2602170504 Ack=1829187366
2025-05-27 13:45:19,TCP,20.189.172.32,443,192.168.100.24,50229,FPA,81,TCP Flags: FPA Seq=1829187366 Ack=2602170504
2025-05-27 13:45:19,TCP,192.168.100.24,50229,20.189.172.32,443,A,54,TCP Flags: A Seq=2602170504 Ack=1829187394
2025-05-27 13:45:19,TCP,192.168.100.24,50229,20.189.172.32,443,PA,78,TCP Flags: PA Seq=2602170504 Ack=1829187394
2025-05-27 13:45:19,TCP,192.168.100.24,50229,20.189.172.32,443,FA,54,TCP Flags: FA Seq=2602170528 Ack=1829187394
2025-05-27 13:45:19,TCP,192.168.100.24,50230,203.121.59.233,80,S,66,TCP Flags: S Seq=1620469281 Ack=0
2025-05-27 13:45:19,TCP,203.121.59.233,80,192.168.100.24,50230,SA,66,TCP Flags: SA Seq=3609253798 Ack=1620469282
2025-05-27 13:45:19,TCP,192.168.100.24,50230,203.121.59.233,80,A,54,TCP Flags: A Seq=1620469282 Ack=3609253799
2025-05-27 13:45:19,TCP,192.168.100.24,50230,203.121.59.233,80,PA,96,TCP Flags: PA Seq=1620469282 Ack=3609253799
2025-05-27 13:45:19,TCP,203.121.59.233,80,192.168.100.24,50230,SA,66,TCP Flags: SA Seq=3609253798 Ack=1620469282
2025-05-27 13:45:19,TCP,192.168.100.24,50230,203.121.59.233,80,A,66,TCP Flags: A Seq=1620469324 Ack=3609253799
2025-05-27 13:45:19,TCP,203.121.59.233,80,192.168.100.24,50230,A,60,TCP Flags: A Seq=3609253799 Ack=1620469324
2025-05-27 13:45:19,TCP,203.121.59.233,80,192.168.100.24,50230,PA,850,TCP Flags: PA Seq=3609253799 Ack=1620469324
2025-05-27 13:45:19,TCP,192.168.100.24,50230,203.121.59.233,80,FA,54,TCP Flags: FA Seq=1620469324 Ack=3609254595
2025-05-27 13:45:19,TCP,203.121.59.233,80,192.168.100.24,50230,FA,60,TCP Flags: FA Seq=3609254595 Ack=1620469324
2025-05-27 13:45:19,TCP,192.168.100.24,50230,203.121.59.233,80,A,54,TCP Flags: A Seq=1620469325 Ack=3609254596
2025-05-27 13:45:19,TCP,203.121.59.233,80,192.168.100.24,50230,A,60,TCP Flags: A Seq=3609254596 Ack=1620469325
2025-05-27 13:45:19,TCPv6,2001:f40:94e:d4b:f:1b03:3a33:228,50231,2600:1411:a000:189::356e,80,S,86,TCP Flags: S Seq=706088320 Ack=0
2025-05-27 13:45:19,TCPv6,2600:1411:a000:189::356e,80,2001:f40:94e:d4b:f:1b03:3a33:228,50231,SA,86,TCP Flags: SA Seq=3239680110 Ack=706088321
2025-05-27 13:45:19,TCPv6,2001:f40:94e:d4b:f:1b03:3a33:228,50231,2600:1411:a000:189::356e,80,A,74,TCP Flags: A Seq=706088321 Ack=3239680111
2025-05-27 13:45:19,TCPv6,2001:f40:94e:d4b:f:1b03:3a33:228,50231,2600:1411:a000:189::356e,80,PA,117,TCP Flags: PA Seq=706088321 Ack=3239680111
2025-05-27 13:45:19,TCPv6,2600:1411:a000:189::356e,80,2001:f40:94e:d4b:f:1b03:3a33:228,50231,A,74,TCP Flags: A Seq=3239680111 Ack=706088364
2025-05-27 13:45:19,TCPv6,2600:1411:a000:189::356e,80,2001:f40:94e:d4b:f:1b03:3a33:228,50231,A,1466,TCP Flags: A Seq=3239680111 Ack=706088364
2025-05-27 13:45:19,TCPv6,2600:1411:a000:189::356e,80,2001:f40:94e:d4b:f:1b03:3a33:228,50231,A,1466,TCP Flags: A Seq=3239681503 Ack=706088364
2025-05-27 13:45:19,TCPv6,2001:f40:94e:d4b:f:1b03:3a33:228,50231,2600:1411:a000:189::356e,80,A,74,TCP Flags: A Seq=706088364 Ack=3239682895
2025-05-27 13:45:19,TCPv6,2600:1411:a000:189::356e,80,2001:f40:94e:d4b:f:1b03:3a33:228,50231,PA,1466,TCP Flags: PA Seq=3239682895 Ack=706088364
2025-05-27 13:45:19,TCPv6,2600:1411:a000:189::356e,80,2001:f40:94e:d4b:f:1b03:3a33:228,50231,A,1466,TCP Flags: A Seq=3239684287 Ack=706088364
2025-05-27 13:45:19,TCPv6,2600:1411:a000:189::356e,80,2001:f40:94e:d4b:f:1b03:3a33:228,50231,A,1466,TCP Flags: A Seq=3239685679 Ack=706088364
2025-05-27 13:45:19,TCPv6,2600:1411:a000:189::356e,80,2001:f40:94e:d4b:f:1b03:3a33:228,50231,PA,1466,TCP Flags: PA Seq=3239687071 Ack=706088364
2025-05-27 13:45:19,TCPv6,2001:f40:94e:d4b:f:1b03:3a33:228,50231,2600:1411:a000:189::356e,80,A,74,TCP Flags: A Seq=706088364 Ack=3239688463
2025-05-27 13:45:19,TCPv6,2600:1411:a000:189::356e,80,2001:f40:94e:d4b:f:1b03:3a33:228,50231,A,1466,TCP Flags: A Seq=3239688463 Ack=706088364
2025-05-27 13:45:19,TCPv6,2600:1411:a000:189::356e,80,2001:f40:94e:d4b:f:1b03:3a33:228,50231,A,1466,TCP Flags: A Seq=3239689855 Ack=706088364
2025-05-27 13:45:19,TCPv6,2600:1411:a000:189::356e,80,2001:f40:94e:d4b:f:1b03:3a33:228,50231,PA,1466,TCP Flags: PA Seq=3239691247 Ack=706088364
2025-05-27 13:45:19,TCPv6,2600:1411:a000:189::356e,80,2001:f40:94e:d4b:f:1b03:3a33:228,50231,A,1466,TCP Flags: A Seq=3239692639 Ack=706088364
2025-05-27 13:45:19,TCPv6,2001:f40:94e:d4b:f:1b03:3a33:228,50231,2600:1411:a000:189::356e,80,A,74,TCP Flags: A Seq=706088364 Ack=3239694031
2025-05-27 13:45:19,TCPv6,2600:1411:a000:189::356e,80,2001:f40:94e:d4b:f:1b03:3a33:228,50231,A,1466,TCP Flags: A Seq=3239694031 Ack=706088364
2025-05-27 13:45:19,TCPv6,2600:1411:a000:189::356e,80,2001:f40:94e:d4b:f:1b03:3a33:228,50231,PA,1466,TCP Flags: PA Seq=3239695423 Ack=706088364
2025-05-27 13:45:19,TCPv6,2001:f40:94e:d4b:f:1b03:3a33:228,50231,2600:1411:a000:189::356e,80,RA,74,TCP Flags: RA Seq=706088364 Ack=3239695423
2025-05-27 13:45:19,TCPv6,2600:1411:a000:189::356e,80,2001:f40:94e:d4b:f:1b03:3a33:228,50231,A,1466,TCP Flags: A Seq=3239696815 Ack=706088364
2025-05-27 13:45:19,TCPv6,2600:1411:a000:189::356e,80,2001:f40:94e:d4b:f:1b03:3a33:228,50231,A,1466,TCP Flags: A Seq=3239698207 Ack=706088364
2025-05-27 13:45:19,TCPv6,2600:1411:a000:189::356e,80,2001:f40:94e:d4b:f:1b03:3a33:228,50231,PA,1466,TCP Flags: PA Seq=3239699599 Ack=706088364
2025-05-27 13:45:19,TCPv6,2600:1411:a000:189::356e,80,2001:f40:94e:d4b:f:1b03:3a33:228,50231,A,1466,TCP Flags: A Seq=3239700991 Ack=706088364
2025-05-27 13:45:19,TCPv6,2600:1411:a000:189::356e,80,2001:f40:94e:d4b:f:1b03:3a33:228,50231,A,1466,TCP Flags: A Seq=3239702383 Ack=706088364
2025-05-27 13:45:19,TCPv6,2600:1411:a000:189::356e,80,2001:f40:94e:d4b:f:1b03:3a33:228,50231,A,1466,TCP Flags: A Seq=3239703775 Ack=706088364
2025-05-27 13:45:19,TCPv6,2600:1411:a000:189::356e,80,2001:f40:94e:d4b:f:1b03:3a33:228,50231,PA,1466,TCP Flags: PA Seq=3239705167 Ack=706088364
2025-05-27 13:45:19,TCPv6,2600:1411:a000:189::356e,80,2001:f40:94e:d4b:f:1b03:3a33:228,50231,A,1466,TCP Flags: A Seq=3239706559 Ack=706088364
2025-05-27 13:45:19,TCPv6,2600:1411:a000:189::356e,80,2001:f40:94e:d4b:f:1b03:3a33:228,50231,A,1466,TCP Flags: A Seq=3239707951 Ack=706088364
2025-05-27 13:45:19,TCPv6,2600:1411:a000:189::356e,80,2001:f40:94e:d4b:f:1b03:3a33:228,50231,PA,1466,TCP Flags: PA Seq=3239709343 Ack=706088364
2025-05-27 13:45:19,TCPv6,2600:1411:a000:189::356e,80,2001:f40:94e:d4b:f:1b03:3a33:228,50231,A,1466,TCP Flags: A Seq=3239710735 Ack=706088364
2025-05-27 13:45:19,TCPv6,2600:1411:a000:189::356e,80,2001:f40:94e:d4b:f:1b03:3a33:228,50231,A,1466,TCP Flags: A Seq=3239712127 Ack=706088364
2025-05-27 13:45:19,TCPv6,2600:1411:a000:189::356e,80,2001:f40:94e:d4b:f:1b03:3a33:228,50231,PA,1466,TCP Flags: PA Seq=3239713519 Ack=706088364
2025-05-27 13:45:19,TCP,20.189.172.32,443,192.168.100.24,50229,A,60,TCP Flags: A Seq=1829187394 Ack=2602170529
